<gadget>
  <prompt-parameters>
    <parameter id="CODEMP" description="Loja" metadata="singleList:Text" listType="sql" required="true" keep-last="true" keep-date="false">
      <expression type="SQL"><![CDATA[SELECT
CODEMP VALUE,
NOMEFANTASIA LABEL
FROM TSIEMP
WHERE CODEMPMATRIZ=1
ORDER BY CODEMP ASC]]></expression>
    </parameter>
    <parameter id="TIPO" description="Tipo de agrupamento" metadata="singleList:Text" listType="text" required="true" keep-last="false" keep-date="false">
      <item value="G" label="Grupo de Parceiros"/>
      <item value="P" label="Parceiros"/>
    </parameter>
  </prompt-parameters>
  <level id="lvl_ulnyo4" description="Primeiro">
    <container orientacao="V" tamanhoRelativo="100">
      <container orientacao="V" tamanhoRelativo="100">
        <html5component id="html5_ulnyo5" entryPoint="model_Parceiro.jsp"/>
      </container>
    </container>
  </level>
</gadget>